<?xml version="1.0" encoding="UTF-8"?>
<project-private xmlns="http://www.netbeans.org/ns/project-private/1">
    <editor-bookmarks xmlns="http://www.netbeans.org/ns/editor-bookmarks/2" lastBookmarkId="0"/>
    <open-files xmlns="http://www.netbeans.org/ns/projectui-open-files/2">
        <group>
            <file>file:/C:/Users/MBHETSA/Downloads/ST10474409_ChatAppPOE-main/ST10474409_ChatAppPOE-main/ST10474409_ChatApp/src/st10474409_chatapp/ST10474409_ChatApp.java</file>
            <file>file:/C:/Users/MBHETSA/Downloads/ST10474409_ChatAppPOE-main/ST10474409_ChatAppPOE-main/ST10474409_ChatApp/src/st10474409_chatapp/Message.java</file>
            <file>file:/C:/Users/MBHETSA/Downloads/ST10474409_ChatAppPOE-main/ST10474409_ChatAppPOE-main/ST10474409_ChatApp/src/st10474409_chatapp/JSONHandler.java</file>
            <file>file:/C:/Users/MBHETSA/Downloads/ST10474409_ChatAppPOE-main/ST10474409_ChatAppPOE-main/ST10474409_ChatApp/test/ST10474409_ChatAppJUnitTest.java</file>
        </group>
    </open-files>
</project-private>
